company_name,state,city,hq_address_approx,sector,company_type,careers_url,founded_year,lat,lon,data_source
Synchrony Financial,CT,Stamford,"777 Long Ridge Rd, Stamford CT 06902",AI,Enterprise,https://www.synchrony.com/careers,1988,41.0742,-73.5579,"Public records: company websites, LinkedIn, SEC filings, state business registry"
Travelers Companies,CT,Hartford,"One Tower Square, Hartford CT 06183",AI,Enterprise,https://jobs.travelers.com,1864,41.7626,-72.673,"Public records: company websites, LinkedIn, SEC filings, state business registry"
Cigna / Evernorth,CT,Bloomfield,"900 Cottage Grove Rd, Bloomfield CT 06002",AI,Enterprise,https://jobs.cigna.com,1982,41.8304,-72.7301,"Public records: company websites, LinkedIn, SEC filings, state business registry"
Pitney Bowes,CT,Stamford,"3001 Summer St, Stamford CT 06926",AI,Enterprise,https://www.pitneybowes.com/us/careers.html,1920,41.0613,-73.5388,"Public records: company websites, LinkedIn, SEC filings, state business registry"
Yale School of Medicine AI Lab,CT,New Haven,"333 Cedar St, New Haven CT 06510",AI,Research,https://medicine.yale.edu,1810,41.3027,-72.9356,"Public records: company websites, LinkedIn, SEC filings, state business registry"
Charter Communications,CT,Stamford,"400 Washington Blvd, Stamford CT 06902",AI,Enterprise,https://jobs.spectrum.com,1993,41.0534,-73.5387,"Public records: company websites, LinkedIn, SEC filings, state business registry"
Sikorsky / Lockheed Martin,CT,Stratford,"6900 Main St, Stratford CT 06614",AI,Enterprise,https://www.lockheedmartin.com/en-us/careers.html,1923,41.1845,-73.1329,"Public records: company websites, LinkedIn, SEC filings, state business registry"
RTX Corp (Raytheon),CT,Farmington,"870 Winter St, Waltham MA / HQ Farmington CT",Cybersecurity,Enterprise,https://www.rtx.com/careers,1922,41.722,-72.8337,"Public records: company websites, LinkedIn, SEC filings, state business registry"
Leidos,CT,Stratford,"Leidos Drive, Reston VA / CT Office",Cybersecurity,Enterprise,https://www.leidos.com/careers,1969,41.2012,-73.1356,"Public records: company websites, LinkedIn, SEC filings, state business registry"
General Dynamics IT,CT,Remote/CT,"2941 Fairview Park Dr, Falls Church VA",Cybersecurity,Enterprise,https://gdit.com/careers,1899,41.6032,-72.674,"Public records: company websites, LinkedIn, SEC filings, state business registry"
Booz Allen Hamilton,CT,Milford,"8283 Greensboro Dr, McLean VA / Milford CT",Cybersecurity,Enterprise,https://www.boozallen.com/careers.html,1914,41.2223,-73.0573,"Public records: company websites, LinkedIn, SEC filings, state business registry"
Google LLC (NYC),NY,New York,"111 Eighth Ave, New York NY 10011",AI,Enterprise,https://careers.google.com,1998,40.7415,-74.0055,"Public records: company websites, LinkedIn, SEC filings, state business registry"
Meta AI (NYC),NY,New York,"770 Broadway, New York NY 10003",AI,Enterprise,https://www.metacareers.com,2004,40.7307,-73.9905,"Public records: company websites, LinkedIn, SEC filings, state business registry"
JPMorgan Chase AI,NY,New York,"383 Madison Ave, New York NY 10017",AI,Enterprise,https://careers.jpmorgan.com,1799,40.7551,-73.9776,"Public records: company websites, LinkedIn, SEC filings, state business registry"
Bloomberg LP,NY,New York,"731 Lexington Ave, New York NY 10022",AI,Enterprise,https://www.bloomberg.com/careers,1981,40.7617,-73.971,"Public records: company websites, LinkedIn, SEC filings, state business registry"
IBM Research (Yorktown),NY,Yorktown Heights,"1101 Kitchawan Rd, Yorktown Heights NY 10598",AI,Research,https://www.ibm.com/careers,1911,41.2773,-73.796,"Public records: company websites, LinkedIn, SEC filings, state business registry"
Two Sigma Investments,NY,New York,"100 Avenue of the Americas, New York NY 10013",AI,Enterprise,https://www.twosigma.com/careers,2001,40.7232,-74.0051,"Public records: company websites, LinkedIn, SEC filings, state business registry"
Palantir Technologies,NY,New York,"620 Eighth Ave, New York NY 10018",AI,Enterprise,https://www.palantir.com/careers,2003,40.7553,-73.9926,"Public records: company websites, LinkedIn, SEC filings, state business registry"
Hugging Face,NY,New York,"20 Jay St, Brooklyn NY 11201",AI,Startup,https://huggingface.co/jobs,2016,40.7022,-73.9873,"Public records: company websites, LinkedIn, SEC filings, state business registry"
Oscar Health,NY,New York,"75 Varick St, New York NY 10013",AI,Startup,https://www.hioscar.com/about/careers,2012,40.7246,-74.005,"Public records: company websites, LinkedIn, SEC filings, state business registry"
Cornell Tech,NY,New York,"2 West Loop Rd, New York NY 10044",AI,Research,https://tech.cornell.edu,2011,40.758,-73.9533,"Public records: company websites, LinkedIn, SEC filings, state business registry"
Palo Alto Networks (NYC),NY,New York,"1270 Avenue of the Americas, New York NY 10020",Cybersecurity,Enterprise,https://jobs.paloaltonetworks.com,2005,40.7593,-73.9806,"Public records: company websites, LinkedIn, SEC filings, state business registry"
CrowdStrike (NYC office),NY,New York,"150 East 42nd St, New York NY 10017",Cybersecurity,Enterprise,https://www.crowdstrike.com/careers,2011,40.7516,-73.9757,"Public records: company websites, LinkedIn, SEC filings, state business registry"
Citigroup CISO,NY,New York,"388 Greenwich St, New York NY 10013",Cybersecurity,Enterprise,https://jobs.citi.com,1812,40.7202,-74.0125,"Public records: company websites, LinkedIn, SEC filings, state business registry"
Goldman Sachs Cybersecurity,NY,New York,"200 West St, New York NY 10282",Cybersecurity,Enterprise,https://www.goldmansachs.com/careers,1869,40.7145,-74.0134,"Public records: company websites, LinkedIn, SEC filings, state business registry"
Mandiant / Google Cloud,NY,New York,New York NY,Cybersecurity,Enterprise,https://careers.google.com,2004,40.7128,-74.006,"Public records: company websites, LinkedIn, SEC filings, state business registry"
MITRE Corporation (NYC),NY,New York,"202 Burlington Rd, Bedford MA / NYC satellite",Cybersecurity,Research,https://careers.mitre.org,1958,40.7485,-73.9851,"Public records: company websites, LinkedIn, SEC filings, state business registry"
Google (Cambridge),MA,Cambridge,"5 Cambridge Center, Cambridge MA 02142",AI,Enterprise,https://careers.google.com,1998,42.3626,-71.084,"Public records: company websites, LinkedIn, SEC filings, state business registry"
Amazon (Cambridge),MA,Cambridge,"101 Main St, Cambridge MA 02142",AI,Enterprise,https://www.amazon.jobs,1994,42.3626,-71.0866,"Public records: company websites, LinkedIn, SEC filings, state business registry"
Microsoft NERD Center,MA,Cambridge,"1 Memorial Dr, Cambridge MA 02142",AI,Enterprise,https://careers.microsoft.com,1975,42.3612,-71.0822,"Public records: company websites, LinkedIn, SEC filings, state business registry"
Biogen,MA,Cambridge,"225 Binney St, Cambridge MA 02142",AI,Enterprise,https://www.biogen.com/careers.html,1978,42.3664,-71.0969,"Public records: company websites, LinkedIn, SEC filings, state business registry"
HubSpot,MA,Cambridge,"2 Canal Park, Cambridge MA 02141",AI,Enterprise,https://www.hubspot.com/jobs,2006,42.3681,-71.0786,"Public records: company websites, LinkedIn, SEC filings, state business registry"
MathWorks,MA,Natick,"1 Apple Hill Dr, Natick MA 01760",AI,Enterprise,https://www.mathworks.com/company/jobs,1984,42.2834,-71.3495,"Public records: company websites, LinkedIn, SEC filings, state business registry"
Wayfair,MA,Boston,"4 Copley Pl, Boston MA 02116",AI,Enterprise,https://www.aboutwayfair.com/careers,2002,42.3478,-71.0753,"Public records: company websites, LinkedIn, SEC filings, state business registry"
Moderna,MA,Cambridge,"200 Technology Square, Cambridge MA 02139",AI,Enterprise,https://www.modernatx.com/careers,2010,42.3626,-71.0912,"Public records: company websites, LinkedIn, SEC filings, state business registry"
Optum / UnitedHealth Group,MA,Waltham,"1000 Great Pond Dr, Windsor CT / Waltham MA",AI,Enterprise,https://careers.unitedhealthgroup.com,1977,42.3765,-71.2356,"Public records: company websites, LinkedIn, SEC filings, state business registry"
Draper Laboratory,MA,Cambridge,"555 Technology Square, Cambridge MA 02139",AI,Research,https://www.draper.com/careers,1932,42.362,-71.0921,"Public records: company websites, LinkedIn, SEC filings, state business registry"
MIT Lincoln Laboratory,MA,Lexington,"244 Wood St, Lexington MA 02421",Cybersecurity,Research,https://www.ll.mit.edu/careers,1951,42.4621,-71.2677,"Public records: company websites, LinkedIn, SEC filings, state business registry"
Raytheon BBN Technologies,MA,Cambridge,"10 Moulton St, Cambridge MA 02138",Cybersecurity,Research,https://www.rtx.com/careers,1948,42.3754,-71.1269,"Public records: company websites, LinkedIn, SEC filings, state business registry"
Rapid7,MA,Boston,"120 Needham St, Newton MA 02464",Cybersecurity,Enterprise,https://www.rapid7.com/careers,2000,42.3501,-71.2092,"Public records: company websites, LinkedIn, SEC filings, state business registry"
Carbon Black / VMware,MA,Waltham,"1100 Winter St, Waltham MA 02451",Cybersecurity,Enterprise,https://www.vmware.com/company/careers.html,2002,42.3765,-71.2356,"Public records: company websites, LinkedIn, SEC filings, state business registry"
Recorded Future,MA,Somerville,"363 Highland Ave, Somerville MA 02144",Cybersecurity,Enterprise,https://www.recordedfuture.com/careers,2009,42.3876,-71.0995,"Public records: company websites, LinkedIn, SEC filings, state business registry"
Resilience (Cyber Insurance),MA,Boston,"1 Post Office Square, Boston MA 02109",Cybersecurity,Startup,https://www.cyberresilience.com/careers,2016,42.3557,-71.0546,"Public records: company websites, LinkedIn, SEC filings, state business registry"
