program,state,median_starting_salary,p25_salary,p75_salary,years_to_senior,senior_median_salary,source
MS in AI,CT,98000,88000,112000,4,138000,"NACE Spring 2024 + BLS OES 2023 CT weighted avg (15-1252,15-1256)"
MS in AI,NY,112000,100000,128000,4,158000,"NACE Spring 2024 + BLS OES 2023 NY weighted avg (15-1252,15-1256)"
MS in AI,MA,108000,96000,124000,4,152000,"NACE Spring 2024 + BLS OES 2023 MA weighted avg (15-1252,15-1256)"
BS in AI,CT,82000,72000,95000,5,118000,NACE Spring 2024 + BLS OES 2023 CT entry-level adj (15-1252)
BS in AI,NY,92000,82000,108000,5,132000,NACE Spring 2024 + BLS OES 2023 NY entry-level adj (15-1252)
BS in AI,MA,88000,78000,104000,5,126000,NACE Spring 2024 + BLS OES 2023 MA entry-level adj (15-1252)
AI in Cybersecurity,CT,106000,95000,120000,4,148000,"NACE Spring 2024 + BLS OES 2023 CT weighted avg (15-1212,15-1252)"
AI in Cybersecurity,NY,120000,108000,138000,4,168000,"NACE Spring 2024 + BLS OES 2023 NY weighted avg (15-1212,15-1252)"
AI in Cybersecurity,MA,116000,104000,134000,4,162000,"NACE Spring 2024 + BLS OES 2023 MA weighted avg (15-1212,15-1252)"
