program,state,median_starting,p25_starting,p75_starting,median_5yr,source,date_accessed
MS in AI,CT,98000,88000,112000,138000,"NACE Spring 2024 + BLS OES 2023 CT weighted avg (15-1252,15-1256)",2025-03-01
MS in AI,NY,112000,100000,128000,158000,"NACE Spring 2024 + BLS OES 2023 NY weighted avg (15-1252,15-1256)",2025-03-01
MS in AI,MA,108000,96000,124000,152000,"NACE Spring 2024 + BLS OES 2023 MA weighted avg (15-1252,15-1256)",2025-03-01
BS in AI,CT,82000,72000,95000,118000,NACE Spring 2024 + BLS OES 2023 CT entry-level adj (15-1252),2025-03-01
BS in AI,NY,92000,82000,108000,132000,NACE Spring 2024 + BLS OES 2023 NY entry-level adj (15-1252),2025-03-01
BS in AI,MA,88000,78000,104000,126000,NACE Spring 2024 + BLS OES 2023 MA entry-level adj (15-1252),2025-03-01
AI in Cybersecurity,CT,106000,95000,120000,148000,"NACE Spring 2024 + BLS OES 2023 CT weighted avg (15-1212,15-1252)",2025-03-01
AI in Cybersecurity,NY,120000,108000,138000,168000,"NACE Spring 2024 + BLS OES 2023 NY weighted avg (15-1212,15-1252)",2025-03-01
AI in Cybersecurity,MA,116000,104000,134000,162000,"NACE Spring 2024 + BLS OES 2023 MA weighted avg (15-1212,15-1252)",2025-03-01
